{"paths":{"AppCamp":"../../app","AppCamp.view.Page01View":"../../app/page01view.js","AppCamp.view.Page02View":"../../app/page02view.js","AppCamp.view.Page04View":"../../app/page04view.js","AppCamp.view.Page05View":"../../app/page05view.js","AppCamp.view.Page06View":"../../app/page06view.js","AppCamp.view.Page07View":"../../app/page07view.js","AppCamp.view.Page08View":"../../app/page08view.js","AppCamp.view.Page09View":"../../app/page09view..js","Ext":"../../../ext/modern/modern/src","Ext.AbstractManager":"../../../ext/packages/core/src/AbstractManager.js","Ext.Ajax":"../../../ext/packages/core/src/Ajax.js","Ext.AnimationQueue":"../../../ext/packages/core/src/AnimationQueue.js","Ext.Array":"../../../ext/packages/core/src/lang/Array.js","Ext.Assert":"../../../ext/packages/core/src/lang/Assert.js","Ext.Base":"../../../ext/packages/core/src/class/Base.js","Ext.Boot":"../../.sencha/app/Boot.js","Ext.Class":"../../../ext/packages/core/src/class/Class.js","Ext.ClassManager":"../../../ext/packages/core/src/class/ClassManager.js","Ext.ComponentManager":"../../../ext/packages/core/src/ComponentManager.js","Ext.ComponentQuery":"../../../ext/packages/core/src/ComponentQuery.js","Ext.Config":"../../../ext/packages/core/src/class/Config.js","Ext.Configurator":"../../../ext/packages/core/src/class/Configurator.js","Ext.Date":"../../../ext/packages/core/src/lang/Date.js","Ext.Deferred":"../../../ext/packages/core/src/Deferred.js","Ext.Error":"../../../ext/packages/core/src/lang/Error.js","Ext.Evented":"../../../ext/packages/core/src/Evented.js","Ext.Factory":"../../../ext/packages/core/src/mixin/Factoryable.js","Ext.Function":"../../../ext/packages/core/src/lang/Function.js","Ext.GlobalEvents":"../../../ext/packages/core/src/GlobalEvents.js","Ext.Glyph":"../../../ext/packages/core/src/Glyph.js","Ext.Inventory":"../../../ext/packages/core/src/class/Inventory.js","Ext.JSON":"../../../ext/packages/core/src/JSON.js","Ext.Loader":"../../../ext/packages/core/src/class/Loader.js","Ext.Mixin":"../../../ext/packages/core/src/class/Mixin.js","Ext.Number":"../../../ext/packages/core/src/lang/Number.js","Ext.Object":"../../../ext/packages/core/src/lang/Object.js","Ext.Progress":"../../../ext/packages/core/src/Progress.js","Ext.ProgressBase":"../../../ext/packages/core/src/ProgressBase.js","Ext.Promise":"../../../ext/packages/core/src/Promise.js","Ext.Script":"../../../ext/packages/core/src/class/Inventory.js","Ext.String":"../../../ext/packages/core/src/lang/String.js","Ext.String.format":"../../../ext/packages/core/src/Template.js","Ext.TaskQueue":"../../../ext/packages/core/src/TaskQueue.js","Ext.Template":"../../../ext/packages/core/src/Template.js","Ext.Util":"../../../ext/packages/core/src/Util.js","Ext.Version":"../../../ext/packages/core/src/util/Version.js","Ext.Widget":"../../../ext/packages/core/src/Widget.js","Ext.XTemplate":"../../../ext/packages/core/src/XTemplate.js","Ext.app":"../../../ext/packages/core/src/app","Ext.browser":"../../../ext/packages/core/src/env/Browser.js","Ext.class":"../../../ext/packages/core/src/class","Ext.data":"../../../ext/packages/core/src/data","Ext.direct":"../../../ext/packages/core/src/direct","Ext.dom":"../../../ext/packages/core/src/dom","Ext.drag":"../../../ext/packages/core/src/drag","Ext.env":"../../../ext/packages/core/src/env","Ext.event":"../../../ext/packages/core/src/event","Ext.feature":"../../../ext/packages/core/src/env/Feature.js","Ext.fx":"../../../ext/packages/core/src/fx","Ext.lang":"../../../ext/packages/core/src/lang","Ext.list":"../../../ext/packages/core/src/list","Ext.mixin":"../../../ext/packages/core/src/mixin","Ext.mixin.Progressable":"../../../ext/modern/modern/src/mixin/Progressable.js","Ext.os":"../../../ext/packages/core/src/env/OS.js","Ext.override":"../../../ext/modern/modern/overrides","Ext.overrides":"../../../ext/modern/modern/overrides","Ext.parse":"../../../ext/packages/core/src/parse","Ext.perf":"../../../ext/packages/core/src/perf","Ext.plugin.Abstract":"../../../ext/packages/core/src/plugin/Abstract.js","Ext.plugin.LazyItems":"../../../ext/packages/core/src/plugin/LazyItems.js","Ext.plugin.MouseEnter":"../../../ext/packages/core/src/plugin/MousEnter.js","Ext.promise":"../../../ext/packages/core/src/promise","Ext.scroll":"../../../ext/packages/core/src/scroll","Ext.sparkline":"../../../ext/packages/core/src/sparkline","Ext.supports":"../../../ext/packages/core/src/env/Feature.js","Ext.theme.neptune":"../../../ext/modern/theme-neptune/overrides","Ext.theme.neptune.Titlebar":"../../../ext/modern/theme-neptune/overrides/TitleBar.js","Ext.util":"../../../ext/packages/core/src/util","Ext.util.Audio":"../../../ext/modern/modern/src/util/Audio.js","Ext.util.BufferedCollection":"../../../ext/modern/modern/src/util/BufferedCollection.js","Ext.util.Draggable":"../../../ext/modern/modern/src/util/Draggable.js","Ext.util.Droppable":"../../../ext/modern/modern/src/util/Droppable.js","Ext.util.Format.format":"../../../ext/packages/core/src/Template.js","Ext.util.Geolocation":"../../../ext/modern/modern/src/util/Geolocation.js","Ext.util.InputBlocker":"../../../ext/modern/modern/src/util/InputBlocker.js","Ext.util.LineSegment":"../../../ext/modern/modern/src/util/LineSegment.js","Ext.util.PositionMap":"../../../ext/modern/modern/src/util/PositionMap.js","Ext.util.TapRepeater":"../../../ext/modern/modern/src/util/TapRepeater.js","Ext.util.TranslatableGroup":"../../../ext/modern/modern/src/util/TranslatableGroup.js","Ext.util.TranslatableList":"../../../ext/modern/modern/src/util/TranslatableList.js","Ext.util.Wrapper":"../../../ext/modern/modern/src/util/Wrapper.js"},"loadOrder":[{"path":"../../../ext/packages/core/src/Ext.js","requires":[1],"uses":[],"idx":0},{"path":"../../../ext/modern/modern/overrides/init.js","requires":[],"uses":[],"idx":1},{"path":"../../../ext/packages/core/src/lang/Error.js","requires":[0],"uses":[],"idx":2},{"path":"../../../ext/packages/core/src/lang/Array.js","requires":[0,2],"uses":[],"idx":3},{"path":"../../../ext/packages/core/src/lang/Assert.js","requires":[2],"uses":[],"idx":4},{"path":"../../../ext/packages/core/src/lang/String.js","requires":[0,3],"uses":[],"idx":5},{"path":"../../../ext/packages/core/src/lang/Date.js","requires":[0,5],"uses":[3],"idx":6},{"path":"../../../ext/packages/core/src/lang/Function.js","requires":[0,3],"uses":[],"idx":7},{"path":"../../../ext/packages/core/src/lang/Number.js","requires":[0],"uses":[],"idx":8},{"path":"../../../ext/packages/core/src/lang/Object.js","requires":[0,6],"uses":[3],"idx":9},{"path":"../../../ext/packages/core/src/Util.js","requires":[0,2,3,4,5,6,7,8,9],"uses":[18],"idx":10},{"path":"../../../ext/packages/core/src/util/Version.js","requires":[0,5],"uses":[],"idx":11},{"path":"../../../ext/packages/core/src/class/Config.js","requires":[],"uses":[9],"idx":12},{"path":"../../../ext/packages/core/src/class/Configurator.js","requires":[9,12],"uses":[],"idx":13},{"path":"../../../ext/packages/core/src/class/Base.js","requires":[7,10,11,13],"uses":[0,3,9,12,18],"idx":14},{"path":"../../../ext/packages/core/src/util/Cache.js","requires":[],"uses":[],"idx":15},{"path":"../../../ext/packages/core/src/class/Class.js","requires":[10,14,15],"uses":[3],"idx":16},{"path":"../../../ext/packages/core/src/class/Inventory.js","requires":[7],"uses":[3],"idx":17},{"path":"../../../ext/packages/core/src/class/ClassManager.js","requires":[0,3,7,16,17],"uses":[23],"idx":18},{"path":"../../../ext/packages/core/src/env/Browser.js","requires":[9,11],"uses":[0,5],"idx":19},{"path":"../../../ext/packages/core/src/env/OS.js","requires":[0,11,19],"uses":[],"idx":20},{"path":"../../../ext/packages/core/src/env/Feature.js","requires":[5,19,20],"uses":[9],"idx":21},{"path":"../../../ext/packages/core/src/env/Ready.js","requires":[19,20,21],"uses":[],"idx":22},{"path":"../../../ext/packages/core/src/class/Loader.js","requires":[3,7,14,16,18,22],"uses":[],"idx":23},{"path":"../../../ext/packages/core/src/class/Mixin.js","requires":[14,16,17,18,23],"uses":[3,9],"idx":24},{"path":"../../../ext/packages/core/src/util/DelayedTask.js","requires":[],"uses":[74],"idx":25},{"path":"../../../ext/packages/core/src/util/Event.js","requires":[14,16,17,18,23,25],"uses":[7,46],"idx":26},{"path":"../../../ext/packages/core/src/mixin/Identifiable.js","requires":[14,16,17,18,23],"uses":[],"idx":27},{"path":"../../../ext/packages/core/src/mixin/Observable.js","requires":[24,26,27],"uses":[3,7,9,110],"idx":28},{"path":"../../../ext/packages/core/src/util/HashMap.js","requires":[14,16,17,18,23,28],"uses":[],"idx":29},{"path":"../../../ext/packages/core/src/promise/Consequence.js","requires":[14,16,17,18,23],"uses":[31],"idx":30},{"path":"../../../ext/packages/core/src/promise/Deferred.js","requires":[14,16,17,18,23,30],"uses":[32],"idx":31},{"path":"../../../ext/packages/core/src/promise/Promise.js","requires":[14,16,17,18,23,31],"uses":[7],"idx":32},{"path":"../../../ext/packages/core/src/Promise.js","requires":[14,16,17,18,23,32],"uses":[31],"idx":33},{"path":"../../../ext/packages/core/src/Deferred.js","requires":[31,33],"uses":[3,7,32],"idx":34},{"path":"../../../ext/packages/core/src/mixin/Factoryable.js","requires":[14,16,17,18,23],"uses":[9],"idx":35},{"path":"../../../ext/packages/core/src/data/request/Base.js","requires":[14,16,17,18,23,34,35],"uses":[40],"idx":36},{"path":"../../../ext/packages/core/src/data/flash/BinaryXhr.js","requires":[14,16,17,18,23],"uses":[9,74],"idx":37},{"path":"../../../ext/packages/core/src/data/request/Ajax.js","requires":[36,37],"uses":[7,74],"idx":38},{"path":"../../../ext/packages/core/src/data/request/Form.js","requires":[36],"uses":[5,9],"idx":39},{"path":"../../../ext/packages/core/src/data/Connection.js","requires":[14,16,17,18,23,28,34,37,38,39],"uses":[9,35,72],"idx":40},{"path":"../../../ext/packages/core/src/Ajax.js","requires":[40],"uses":[],"idx":41},{"path":"../../../ext/packages/core/src/AnimationQueue.js","requires":[14,16,17,18,23],"uses":[7,20],"idx":42},{"path":"../../../ext/packages/core/src/ComponentManager.js","requires":[14,16,17,18,23],"uses":[9,46,72],"idx":43},{"path":"../../../ext/packages/core/src/util/Operators.js","requires":[],"uses":[],"idx":44},{"path":"../../../ext/packages/core/src/util/LruCache.js","requires":[29],"uses":[],"idx":45},{"path":"../../../ext/packages/core/src/ComponentQuery.js","requires":[14,16,17,18,23,43,44,45],"uses":[3,5,96],"idx":46},{"path":"../../../ext/packages/core/src/Evented.js","requires":[14,16,17,18,23,28],"uses":[12],"idx":47},{"path":"../../../ext/packages/core/src/util/Positionable.js","requires":[14,16,17,18,23],"uses":[21,56,72],"idx":48},{"path":"../../../ext/packages/core/src/dom/UnderlayPool.js","requires":[14,16,17,18,23],"uses":[72],"idx":49},{"path":"../../../ext/packages/core/src/dom/Underlay.js","requires":[14,16,17,18,23,49],"uses":[],"idx":50},{"path":"../../../ext/packages/core/src/dom/Shadow.js","requires":[21,50],"uses":[],"idx":51},{"path":"../../../ext/packages/core/src/dom/Shim.js","requires":[50],"uses":[],"idx":52},{"path":"../../../ext/packages/core/src/dom/ElementEvent.js","requires":[26],"uses":[59],"idx":53},{"path":"../../../ext/packages/core/src/event/publisher/Publisher.js","requires":[14,16,17,18,23],"uses":[],"idx":54},{"path":"../../../ext/packages/core/src/util/Offset.js","requires":[14,16,17,18,23],"uses":[],"idx":55},{"path":"../../../ext/packages/core/src/util/Region.js","requires":[14,16,17,18,23,55],"uses":[3,8],"idx":56},{"path":"../../../ext/packages/core/src/util/Point.js","requires":[56],"uses":[],"idx":57},{"path":"../../../ext/packages/core/src/event/Event.js","requires":[14,16,17,18,23,57],"uses":[9],"idx":58},{"path":"../../../ext/packages/core/src/event/publisher/Dom.js","requires":[19,20,54,58],"uses":[3,21,74],"idx":59},{"path":"../../../ext/packages/core/src/event/publisher/Gesture.js","requires":[42,57,59],"uses":[3,20,21,58,72,263,265,266,267,268,269,270,271,272,273,274,275],"idx":60},{"path":"../../../ext/packages/core/src/mixin/Templatable.js","requires":[24],"uses":[72],"idx":61},{"path":"../../../ext/packages/core/src/TaskQueue.js","requires":[14,16,17,18,23,42],"uses":[7,20],"idx":62},{"path":"../../../ext/packages/core/src/util/sizemonitor/Abstract.js","requires":[14,16,17,18,23,61,62],"uses":[7],"idx":63},{"path":"../../../ext/packages/core/src/util/sizemonitor/Scroll.js","requires":[63],"uses":[7,62],"idx":64},{"path":"../../../ext/packages/core/src/util/sizemonitor/OverflowChange.js","requires":[63],"uses":[7,19,62],"idx":65},{"path":"../../../ext/packages/core/src/util/SizeMonitor.js","requires":[14,16,17,18,23,64,65],"uses":[19],"idx":66},{"path":"../../../ext/packages/core/src/event/publisher/ElementSize.js","requires":[54,66],"uses":[62],"idx":67},{"path":"../../../ext/packages/core/src/util/paintmonitor/Abstract.js","requires":[14,16,17,18,23],"uses":[7,72],"idx":68},{"path":"../../../ext/packages/core/src/util/paintmonitor/CssAnimation.js","requires":[19,68],"uses":[],"idx":69},{"path":"../../../ext/packages/core/src/util/PaintMonitor.js","requires":[14,16,17,18,23,69],"uses":[],"idx":70},{"path":"../../../ext/packages/core/src/event/publisher/ElementPaint.js","requires":[54,62,70],"uses":[],"idx":71},{"path":"../../../ext/packages/core/src/dom/Element.js","requires":[0,9,14,16,17,18,19,20,21,23,28,48,51,52,53,59,60,67,71,73],"uses":[3,5,54,56,74,96,197,258,260,261,262,264,276,278],"idx":72},{"path":"../../../ext/modern/modern/overrides/dom/Element.js","requires":[14,16,17,18,23],"uses":[],"idx":73},{"path":"../../../ext/packages/core/src/GlobalEvents.js","requires":[28,72],"uses":[],"idx":74},{"path":"../../../ext/packages/core/src/JSON.js","requires":[0,2],"uses":[],"idx":75},{"path":"../../../ext/packages/core/src/mixin/Inheritable.js","requires":[24],"uses":[9,43],"idx":76},{"path":"../../../ext/packages/core/src/mixin/Bindable.js","requires":[14,16,17,18,23],"uses":[12,35],"idx":77},{"path":"../../../ext/packages/core/src/mixin/ComponentDelegation.js","requires":[24,28],"uses":[9,26],"idx":78},{"path":"../../../ext/packages/core/src/mixin/Pluggable.js","requires":[14,16,17,18,23],"uses":[],"idx":79},{"path":"../../../ext/packages/core/src/Widget.js","requires":[9,47,72,76,77,78,79,93],"uses":[3,43,46,99],"idx":80},{"path":"../../../ext/packages/core/src/mixin/Traversable.js","requires":[24],"uses":[],"idx":81},{"path":"../../../ext/modern/modern/src/behavior/Behavior.js","requires":[14,16,17,18,23],"uses":[],"idx":82},{"path":"../../../ext/packages/core/src/fx/easing/Abstract.js","requires":[14,16,17,18,23],"uses":[6],"idx":83},{"path":"../../../ext/packages/core/src/fx/easing/Linear.js","requires":[83],"uses":[6],"idx":84},{"path":"../../../ext/packages/core/src/util/translatable/Abstract.js","requires":[47,84],"uses":[6,42],"idx":85},{"path":"../../../ext/packages/core/src/util/translatable/Dom.js","requires":[85],"uses":[],"idx":86},{"path":"../../../ext/packages/core/src/util/translatable/CssTransform.js","requires":[86],"uses":[],"idx":87},{"path":"../../../ext/packages/core/src/util/translatable/ScrollPosition.js","requires":[86],"uses":[],"idx":88},{"path":"../../../ext/packages/core/src/util/translatable/ScrollParent.js","requires":[86],"uses":[],"idx":89},{"path":"../../../ext/packages/core/src/util/translatable/CssPosition.js","requires":[86],"uses":[],"idx":90},{"path":"../../../ext/packages/core/src/util/Translatable.js","requires":[14,16,17,18,23,87,88,89,90],"uses":[19],"idx":91},{"path":"../../../ext/modern/modern/src/behavior/Translatable.js","requires":[82,91],"uses":[],"idx":92},{"path":"../../../ext/modern/modern/overrides/Widget.js","requires":[14,16,17,18,23,48,81,92],"uses":[0,9,56,80,102],"idx":93},{"path":"../../../ext/packages/core/src/mixin/Keyboard.js","requires":[24],"uses":[9,58],"idx":94},{"path":"../../../ext/packages/core/src/util/Format.js","requires":[2,5,6,8,14,16,17,18,23],"uses":[0,96,258],"idx":95},{"path":"../../../ext/packages/core/src/Template.js","requires":[5,14,16,17,18,23,95],"uses":[0,258],"idx":96},{"path":"../../../ext/packages/core/src/util/XTemplateParser.js","requires":[5,14,16,17,18,23],"uses":[],"idx":97},{"path":"../../../ext/packages/core/src/util/XTemplateCompiler.js","requires":[97],"uses":[0],"idx":98},{"path":"../../../ext/packages/core/src/XTemplate.js","requires":[96,98],"uses":[18],"idx":99},{"path":"../../../ext/packages/core/src/util/CSS.js","requires":[14,16,17,18,23],"uses":[3,5,72],"idx":100},{"path":"../../../ext/packages/core/src/scroll/Scroller.js","requires":[35,47,88,100],"uses":[7,74],"idx":101},{"path":"../../../ext/modern/modern/src/Component.js","requires":[43,46,80,94,99,101],"uses":[0,3,21,72,197,278],"idx":102},{"path":"../../../ext/packages/core/src/app/EventDomain.js","requires":[14,16,17,18,23,26],"uses":[],"idx":103},{"path":"../../../ext/packages/core/src/app/domain/Component.js","requires":[80,103],"uses":[],"idx":104},{"path":"../../../ext/packages/core/src/app/EventBus.js","requires":[14,16,17,18,23,104],"uses":[103],"idx":105},{"path":"../../../ext/packages/core/src/app/domain/Global.js","requires":[74,103],"uses":[],"idx":106},{"path":"../../../ext/packages/core/src/app/BaseController.js","requires":[14,16,17,18,23,28,105,106],"uses":[169,170,250],"idx":107},{"path":"../../../ext/packages/core/src/app/Util.js","requires":[14,16,17,18,23],"uses":[],"idx":108},{"path":"../../../ext/packages/core/src/util/Filter.js","requires":[14,16,17,18,23],"uses":[3,5],"idx":109},{"path":"../../../ext/packages/core/src/util/Observable.js","requires":[28],"uses":[],"idx":110},{"path":"../../../ext/packages/core/src/util/AbstractMixedCollection.js","requires":[14,16,17,18,23,109,110],"uses":[3,5],"idx":111},{"path":"../../../ext/packages/core/src/util/Sorter.js","requires":[14,16,17,18,23],"uses":[5],"idx":112},{"path":"../../../ext/packages/core/src/util/Sortable.js","requires":[14,16,17,18,23,112],"uses":[114],"idx":113},{"path":"../../../ext/packages/core/src/util/MixedCollection.js","requires":[111,113],"uses":[3],"idx":114},{"path":"../../../ext/packages/core/src/util/CollectionKey.js","requires":[14,16,17,18,23,27],"uses":[3],"idx":115},{"path":"../../../ext/packages/core/src/util/Grouper.js","requires":[112],"uses":[],"idx":116},{"path":"../../../ext/packages/core/src/util/Collection.js","requires":[9,14,16,17,18,23,28,109,112,115,116],"uses":[3,5,8,159,160,161],"idx":117},{"path":"../../../ext/packages/core/src/util/ObjectTemplate.js","requires":[14,16,17,18,23,99],"uses":[],"idx":118},{"path":"../../../ext/packages/core/src/data/schema/Role.js","requires":[14,16,17,18,23],"uses":[35],"idx":119},{"path":"../../../ext/packages/core/src/data/schema/Association.js","requires":[14,16,17,18,23,119],"uses":[],"idx":120},{"path":"../../../ext/packages/core/src/data/schema/OneToOne.js","requires":[120],"uses":[],"idx":121},{"path":"../../../ext/packages/core/src/data/schema/ManyToOne.js","requires":[120],"uses":[],"idx":122},{"path":"../../../ext/packages/core/src/data/schema/ManyToMany.js","requires":[18,120],"uses":[],"idx":123},{"path":"../../../ext/packages/core/src/util/Inflector.js","requires":[14,16,17,18,23],"uses":[3,5],"idx":124},{"path":"../../../ext/packages/core/src/data/schema/Namer.js","requires":[14,16,17,18,23,35,124],"uses":[5],"idx":125},{"path":"../../../ext/packages/core/src/data/schema/Schema.js","requires":[14,16,17,18,23,35,118,121,122,123,125],"uses":[7,9],"idx":126},{"path":"../../../ext/packages/core/src/data/AbstractStore.js","requires":[14,16,17,18,23,28,35,109,117,126],"uses":[165],"idx":127},{"path":"../../../ext/packages/core/src/data/Error.js","requires":[14,16,17,18,23],"uses":[],"idx":128},{"path":"../../../ext/packages/core/src/data/ErrorCollection.js","requires":[114,128],"uses":[137],"idx":129},{"path":"../../../ext/packages/core/src/data/operation/Operation.js","requires":[14,16,17,18,23],"uses":[3],"idx":130},{"path":"../../../ext/packages/core/src/data/operation/Create.js","requires":[130],"uses":[],"idx":131},{"path":"../../../ext/packages/core/src/data/operation/Destroy.js","requires":[130],"uses":[],"idx":132},{"path":"../../../ext/packages/core/src/data/operation/Read.js","requires":[130],"uses":[],"idx":133},{"path":"../../../ext/packages/core/src/data/operation/Update.js","requires":[130],"uses":[],"idx":134},{"path":"../../../ext/packages/core/src/data/SortTypes.js","requires":[14,16,17,18,23],"uses":[],"idx":135},{"path":"../../../ext/packages/core/src/data/validator/Validator.js","requires":[14,16,17,18,23,35],"uses":[],"idx":136},{"path":"../../../ext/packages/core/src/data/field/Field.js","requires":[14,16,17,18,23,35,135,136],"uses":[],"idx":137},{"path":"../../../ext/packages/core/src/data/field/Boolean.js","requires":[137],"uses":[],"idx":138},{"path":"../../../ext/packages/core/src/data/field/Date.js","requires":[137],"uses":[6],"idx":139},{"path":"../../../ext/packages/core/src/data/field/Integer.js","requires":[137],"uses":[],"idx":140},{"path":"../../../ext/packages/core/src/data/field/Number.js","requires":[140],"uses":[],"idx":141},{"path":"../../../ext/packages/core/src/data/field/String.js","requires":[137],"uses":[],"idx":142},{"path":"../../../ext/packages/core/src/data/identifier/Generator.js","requires":[14,16,17,18,23,35],"uses":[],"idx":143},{"path":"../../../ext/packages/core/src/data/identifier/Sequential.js","requires":[143],"uses":[],"idx":144},{"path":"../../../ext/packages/core/src/data/Model.js","requires":[14,16,17,18,23,126,129,130,131,132,133,134,136,137,138,139,140,141,142,143,144],"uses":[0,3,9,35,147,257],"idx":145},{"path":"../../../ext/packages/core/src/data/ResultSet.js","requires":[14,16,17,18,23],"uses":[],"idx":146},{"path":"../../../ext/packages/core/src/data/reader/Reader.js","requires":[14,16,17,18,23,28,35,45,99,146],"uses":[126],"idx":147},{"path":"../../../ext/packages/core/src/data/writer/Writer.js","requires":[14,16,17,18,23,35],"uses":[6],"idx":148},{"path":"../../../ext/packages/core/src/data/proxy/Proxy.js","requires":[14,16,17,18,23,28,35,126,147,148],"uses":[130,131,132,133,134,145,218],"idx":149},{"path":"../../../ext/packages/core/src/data/proxy/Client.js","requires":[149],"uses":[],"idx":150},{"path":"../../../ext/packages/core/src/data/proxy/Memory.js","requires":[150],"uses":[3,109,113],"idx":151},{"path":"../../../ext/packages/core/src/data/ProxyStore.js","requires":[127,130,131,132,133,134,145,149,151],"uses":[3,9,126],"idx":152},{"path":"../../../ext/packages/core/src/data/LocalStore.js","requires":[24],"uses":[3,117],"idx":153},{"path":"../../../ext/packages/core/src/data/proxy/Server.js","requires":[149],"uses":[5,6,96,255],"idx":154},{"path":"../../../ext/packages/core/src/data/proxy/Ajax.js","requires":[41,154],"uses":[9],"idx":155},{"path":"../../../ext/packages/core/src/data/reader/Json.js","requires":[75,147],"uses":[],"idx":156},{"path":"../../../ext/packages/core/src/data/writer/Json.js","requires":[148],"uses":[9],"idx":157},{"path":"../../../ext/packages/core/src/util/Group.js","requires":[117],"uses":[],"idx":158},{"path":"../../../ext/packages/core/src/util/SorterCollection.js","requires":[112,117],"uses":[3],"idx":159},{"path":"../../../ext/packages/core/src/util/FilterCollection.js","requires":[109,117],"uses":[3],"idx":160},{"path":"../../../ext/packages/core/src/util/GroupCollection.js","requires":[117,158,159,160],"uses":[],"idx":161},{"path":"../../../ext/packages/core/src/data/Store.js","requires":[25,145,152,153,155,156,157,161],"uses":[3,116,165,252],"idx":162},{"path":"../../../ext/packages/core/src/data/reader/Array.js","requires":[156],"uses":[],"idx":163},{"path":"../../../ext/packages/core/src/data/ArrayStore.js","requires":[151,162,163],"uses":[],"idx":164},{"path":"../../../ext/packages/core/src/data/StoreManager.js","requires":[114,164],"uses":[35,151,157,162,163],"idx":165},{"path":"../../../ext/packages/core/src/app/domain/Store.js","requires":[103,127],"uses":[3],"idx":166},{"path":"../../../ext/packages/core/src/app/route/Queue.js","requires":[14,16,17,18,23],"uses":[114],"idx":167},{"path":"../../../ext/packages/core/src/app/route/Route.js","requires":[14,16,17,18,23],"uses":[95,96],"idx":168},{"path":"../../../ext/packages/core/src/util/History.js","requires":[14,16,17,18,23,110],"uses":[21,286],"idx":169},{"path":"../../../ext/packages/core/src/app/route/Router.js","requires":[14,16,17,18,23,167,168,169],"uses":[],"idx":170},{"path":"../../../ext/packages/core/src/app/Controller.js","requires":[43,104,107,108,165,166,170],"uses":[3,5,7,9,18,46,126],"idx":171},{"path":"../../../ext/packages/core/src/app/Application.js","requires":[114,169,171,173,213],"uses":[3,18,170],"idx":172},{"path":"../../../ext/packages/core/overrides/app/Application.js","requires":[],"uses":[18,172],"idx":173},{"path":"../../../ext/packages/core/src/util/ItemCollection.js","requires":[114],"uses":[],"idx":174},{"path":"../../../ext/packages/core/src/mixin/Queryable.js","requires":[14,16,17,18,23],"uses":[46],"idx":175},{"path":"../../../ext/packages/core/src/mixin/Container.js","requires":[24],"uses":[43],"idx":176},{"path":"../../../ext/modern/modern/src/Container.js","requires":[102,174,175,176],"uses":[0,3,18,186,206],"idx":177},{"path":"../../../ext/modern/modern/src/util/InputBlocker.js","requires":[14,16,17,18,23],"uses":[19],"idx":178},{"path":"../../../ext/modern/modern/src/Mask.js","requires":[102,178],"uses":[19,20],"idx":179},{"path":"../../../ext/modern/modern/src/LoadMask.js","requires":[179],"uses":[],"idx":180},{"path":"../../../ext/modern/modern/src/layout/Abstract.js","requires":[14,16,17,18,23,28],"uses":[],"idx":181},{"path":"../../../ext/packages/core/src/mixin/Hookable.js","requires":[24],"uses":[],"idx":182},{"path":"../../../ext/modern/modern/src/util/Wrapper.js","requires":[14,16,17,18,23,182],"uses":[72],"idx":183},{"path":"../../../ext/modern/modern/src/layout/wrapper/BoxDock.js","requires":[14,16,17,18,23],"uses":[3,72],"idx":184},{"path":"../../../ext/modern/modern/src/layout/wrapper/Inner.js","requires":[14,16,17,18,23],"uses":[],"idx":185},{"path":"../../../ext/modern/modern/src/layout/Default.js","requires":[181,183,184,185],"uses":[3],"idx":186},{"path":"../../../ext/packages/core/src/fx/layout/card/Abstract.js","requires":[47],"uses":[],"idx":187},{"path":"../../../ext/packages/core/src/fx/State.js","requires":[14,16,17,18,23],"uses":[],"idx":188},{"path":"../../../ext/packages/core/src/fx/animation/Abstract.js","requires":[47,188],"uses":[],"idx":189},{"path":"../../../ext/packages/core/src/fx/animation/Slide.js","requires":[189],"uses":[],"idx":190},{"path":"../../../ext/packages/core/src/fx/animation/SlideOut.js","requires":[190],"uses":[],"idx":191},{"path":"../../../ext/packages/core/src/fx/animation/Fade.js","requires":[189],"uses":[],"idx":192},{"path":"../../../ext/packages/core/src/fx/animation/FadeOut.js","requires":[192],"uses":[],"idx":193},{"path":"../../../ext/packages/core/src/fx/animation/Flip.js","requires":[189],"uses":[],"idx":194},{"path":"../../../ext/packages/core/src/fx/animation/Pop.js","requires":[189],"uses":[],"idx":195},{"path":"../../../ext/packages/core/src/fx/animation/PopOut.js","requires":[195],"uses":[],"idx":196},{"path":"../../../ext/packages/core/src/fx/Animation.js","requires":[14,16,17,18,23,190,191,192,193,194,195,196],"uses":[189],"idx":197},{"path":"../../../ext/packages/core/src/fx/layout/card/Style.js","requires":[187,197],"uses":[278],"idx":198},{"path":"../../../ext/packages/core/src/fx/layout/card/Slide.js","requires":[198],"uses":[],"idx":199},{"path":"../../../ext/packages/core/src/fx/layout/card/Cover.js","requires":[198],"uses":[],"idx":200},{"path":"../../../ext/packages/core/src/fx/layout/card/Reveal.js","requires":[198],"uses":[],"idx":201},{"path":"../../../ext/packages/core/src/fx/layout/card/Fade.js","requires":[198],"uses":[],"idx":202},{"path":"../../../ext/packages/core/src/fx/layout/card/Flip.js","requires":[198],"uses":[],"idx":203},{"path":"../../../ext/packages/core/src/fx/layout/card/Pop.js","requires":[198],"uses":[],"idx":204},{"path":"../../../ext/packages/core/src/fx/layout/card/Scroll.js","requires":[84,187],"uses":[42],"idx":205},{"path":"../../../ext/packages/core/src/fx/layout/Card.js","requires":[14,16,17,18,23,199,200,201,202,203,204,205],"uses":[187],"idx":206},{"path":"../../../ext/modern/modern/src/layout/Card.js","requires":[186,206],"uses":[],"idx":207},{"path":"../../../ext/modern/modern/src/viewport/Default.js","requires":[74,177,178,180,207],"uses":[9,19,20,21,102,110,290,293],"idx":208},{"path":"../../../ext/modern/modern/src/viewport/Ios.js","requires":[19,20,208],"uses":[],"idx":209},{"path":"../../../ext/modern/modern/src/viewport/Android.js","requires":[19,20,208],"uses":[6,7],"idx":210},{"path":"../../../ext/modern/modern/src/viewport/WindowsPhone.js","requires":[208],"uses":[],"idx":211},{"path":"../../../ext/modern/modern/src/viewport/Viewport.js","requires":[14,16,17,18,23,209,210,211],"uses":[19,20],"idx":212},{"path":"../../../ext/modern/modern/overrides/app/Application.js","requires":[14,16,17,18,23,212],"uses":[305],"idx":213},{"path":"../../../ext/packages/core/src/app/domain/View.js","requires":[80,103],"uses":[],"idx":214},{"path":"../../../ext/packages/core/src/app/ViewController.js","requires":[35,107,214],"uses":[3],"idx":215},{"path":"../../../ext/packages/core/src/util/Bag.js","requires":[14,16,17,18,23],"uses":[3,8],"idx":216},{"path":"../../../ext/packages/core/src/util/Scheduler.js","requires":[14,16,17,18,23,28,216],"uses":[7,9,74],"idx":217},{"path":"../../../ext/packages/core/src/data/Batch.js","requires":[14,16,17,18,23,28],"uses":[],"idx":218},{"path":"../../../ext/packages/core/src/data/matrix/Slice.js","requires":[14,16,17,18,23],"uses":[],"idx":219},{"path":"../../../ext/packages/core/src/data/matrix/Side.js","requires":[14,16,17,18,23,219],"uses":[],"idx":220},{"path":"../../../ext/packages/core/src/data/matrix/Matrix.js","requires":[14,16,17,18,23,220],"uses":[],"idx":221},{"path":"../../../ext/packages/core/src/data/session/ChangesVisitor.js","requires":[14,16,17,18,23],"uses":[9],"idx":222},{"path":"../../../ext/packages/core/src/data/session/ChildChangesVisitor.js","requires":[222],"uses":[],"idx":223},{"path":"../../../ext/packages/core/src/data/session/BatchVisitor.js","requires":[14,16,17,18,23],"uses":[218],"idx":224},{"path":"../../../ext/packages/core/src/mixin/Dirty.js","requires":[14,16,17,18,23],"uses":[],"idx":225},{"path":"../../../ext/packages/core/src/data/Session.js","requires":[14,16,17,18,23,28,126,218,221,222,223,224,225],"uses":[3],"idx":226},{"path":"../../../ext/packages/core/src/util/Schedulable.js","requires":[14,16,17,18,23],"uses":[],"idx":227},{"path":"../../../ext/packages/core/src/app/bind/BaseBinding.js","requires":[227],"uses":[],"idx":228},{"path":"../../../ext/packages/core/src/app/bind/Binding.js","requires":[228],"uses":[],"idx":229},{"path":"../../../ext/packages/core/src/app/bind/AbstractStub.js","requires":[227,229],"uses":[3],"idx":230},{"path":"../../../ext/packages/core/src/app/bind/Stub.js","requires":[229,230],"uses":[235],"idx":231},{"path":"../../../ext/packages/core/src/app/bind/LinkStub.js","requires":[231],"uses":[],"idx":232},{"path":"../../../ext/packages/core/src/app/bind/RootStub.js","requires":[230,231,232],"uses":[],"idx":233},{"path":"../../../ext/packages/core/src/app/bind/Multi.js","requires":[228],"uses":[],"idx":234},{"path":"../../../ext/packages/core/src/app/bind/Formula.js","requires":[45,227],"uses":[],"idx":235},{"path":"../../../ext/packages/core/src/util/Fly.js","requires":[14,16,17,18,23],"uses":[],"idx":236},{"path":"../../../ext/packages/core/src/parse/Tokenizer.js","requires":[236],"uses":[],"idx":237},{"path":"../../../ext/packages/core/src/parse/Symbol.js","requires":[14,16,17,18,23],"uses":[],"idx":238},{"path":"../../../ext/packages/core/src/parse/symbol/Constant.js","requires":[238],"uses":[],"idx":239},{"path":"../../../ext/packages/core/src/parse/symbol/Infix.js","requires":[238],"uses":[],"idx":240},{"path":"../../../ext/packages/core/src/parse/symbol/InfixRight.js","requires":[240],"uses":[],"idx":241},{"path":"../../../ext/packages/core/src/parse/symbol/Paren.js","requires":[238],"uses":[],"idx":242},{"path":"../../../ext/packages/core/src/parse/symbol/Prefix.js","requires":[238],"uses":[],"idx":243},{"path":"../../../ext/packages/core/src/parse/Parser.js","requires":[236,237,239,241,242,243],"uses":[3,9,18,238,240],"idx":244},{"path":"../../../ext/packages/core/src/app/bind/Parser.js","requires":[95,244],"uses":[0,3],"idx":245},{"path":"../../../ext/packages/core/src/app/bind/Template.js","requires":[14,16,17,18,23,95,245],"uses":[],"idx":246},{"path":"../../../ext/packages/core/src/app/bind/TemplateBinding.js","requires":[228,234,246],"uses":[],"idx":247},{"path":"../../../ext/packages/core/src/data/ChainedStore.js","requires":[127,153],"uses":[165],"idx":248},{"path":"../../../ext/packages/core/src/app/ViewModel.js","requires":[14,16,17,18,23,27,35,217,226,232,233,234,235,247,248],"uses":[9,25,126],"idx":249},{"path":"../../../ext/packages/core/src/app/domain/Controller.js","requires":[103,171],"uses":[3,107],"idx":250},{"path":"../../../ext/packages/core/src/data/PageMap.js","requires":[45],"uses":[3,5,9],"idx":251},{"path":"../../../ext/packages/core/src/data/BufferedStore.js","requires":[109,112,116,152,251],"uses":[159,160,161],"idx":252},{"path":"../../../ext/packages/core/src/data/NodeInterface.js","requires":[14,16,17,18,23,28,138,140,142,157],"uses":[3,7,126],"idx":253},{"path":"../../../ext/packages/core/src/data/TreeModel.js","requires":[145,175,253],"uses":[],"idx":254},{"path":"../../../ext/packages/core/src/data/Request.js","requires":[14,16,17,18,23],"uses":[],"idx":255},{"path":"../../../ext/packages/core/src/data/TreeStore.js","requires":[112,162,253,254],"uses":[3,5,9,145],"idx":256},{"path":"../../../ext/packages/core/src/data/Validation.js","requires":[145],"uses":[],"idx":257},{"path":"../../../ext/packages/core/src/dom/Helper.js","requires":[14,16,17,18,23],"uses":[5,21,96],"idx":258},{"path":"../../../ext/packages/core/src/util/TaskRunner.js","requires":[7,14,16,17,18,23],"uses":[6,74],"idx":259},{"path":"../../../ext/packages/core/src/dom/Fly.js","requires":[72],"uses":[],"idx":260},{"path":"../../../ext/packages/core/src/dom/CompositeElementLite.js","requires":[14,16,17,18,23,260],"uses":[3,9,72],"idx":261},{"path":"../../../ext/packages/core/src/dom/CompositeElement.js","requires":[261],"uses":[],"idx":262},{"path":"../../../ext/packages/core/src/dom/GarbageCollector.js","requires":[14,16,17,18,23],"uses":[72],"idx":263},{"path":"../../../ext/packages/core/src/dom/TouchAction.js","requires":[14,16,17,18,23,57,72],"uses":[21],"idx":264},{"path":"../../../ext/packages/core/src/event/gesture/Recognizer.js","requires":[14,16,17,18,23,27,60],"uses":[],"idx":265},{"path":"../../../ext/packages/core/src/event/gesture/SingleTouch.js","requires":[265],"uses":[],"idx":266},{"path":"../../../ext/packages/core/src/event/gesture/DoubleTap.js","requires":[266],"uses":[72],"idx":267},{"path":"../../../ext/packages/core/src/event/gesture/Drag.js","requires":[266],"uses":[72],"idx":268},{"path":"../../../ext/packages/core/src/event/gesture/Swipe.js","requires":[266],"uses":[],"idx":269},{"path":"../../../ext/packages/core/src/event/gesture/EdgeSwipe.js","requires":[269],"uses":[72],"idx":270},{"path":"../../../ext/packages/core/src/event/gesture/LongPress.js","requires":[266],"uses":[60,72,268],"idx":271},{"path":"../../../ext/packages/core/src/event/gesture/MultiTouch.js","requires":[265],"uses":[],"idx":272},{"path":"../../../ext/packages/core/src/event/gesture/Pinch.js","requires":[272],"uses":[],"idx":273},{"path":"../../../ext/packages/core/src/event/gesture/Rotate.js","requires":[272],"uses":[3],"idx":274},{"path":"../../../ext/packages/core/src/event/gesture/Tap.js","requires":[266],"uses":[72],"idx":275},{"path":"../../../ext/packages/core/src/event/publisher/Focus.js","requires":[21,59,72,74],"uses":[58],"idx":276},{"path":"../../../ext/packages/core/src/fx/runner/Css.js","requires":[47,197],"uses":[19,20,21],"idx":277},{"path":"../../../ext/packages/core/src/fx/runner/CssTransition.js","requires":[42,277],"uses":[3,7,19,197],"idx":278},{"path":"../../../ext/packages/core/src/list/AbstractTreeItem.js","requires":[80],"uses":[],"idx":279},{"path":"../../../ext/packages/core/src/list/RootTreeItem.js","requires":[279],"uses":[],"idx":280},{"path":"../../../ext/packages/core/src/list/TreeItem.js","requires":[80,279,282],"uses":[],"idx":281},{"path":"../../../ext/modern/modern/overrides/list/TreeItem.js","requires":[14,16,17,18,23],"uses":[],"idx":282},{"path":"../../../ext/packages/core/src/list/Tree.js","requires":[80,280,281,284],"uses":[165],"idx":283},{"path":"../../../ext/modern/modern/overrides/list/Tree.js","requires":[14,16,17,18,23],"uses":[],"idx":284},{"path":"../../../ext/packages/core/src/mixin/Selectable.js","requires":[24],"uses":[114],"idx":285},{"path":"../../../ext/packages/core/src/util/TaskManager.js","requires":[259],"uses":[],"idx":286},{"path":"../../../ext/modern/modern/src/Panel.js","requires":[177],"uses":[3,55,72,294,302],"idx":287},{"path":"../../../ext/modern/modern/src/Sheet.js","requires":[197,287],"uses":[],"idx":288},{"path":"../../../ext/modern/modern/src/Button.js","requires":[102],"uses":[],"idx":289},{"path":"../../../ext/modern/modern/src/Menu.js","requires":[288,289],"uses":[],"idx":290},{"path":"../../../ext/modern/modern/src/layout/Box.js","requires":[186],"uses":[],"idx":291},{"path":"../../../ext/modern/modern/src/layout/FlexBox.js","requires":[291],"uses":[],"idx":292},{"path":"../../../ext/modern/modern/src/layout/VBox.js","requires":[292],"uses":[],"idx":293},{"path":"../../../ext/modern/modern/src/layout/HBox.js","requires":[292],"uses":[],"idx":294},{"path":"../../../ext/modern/modern/src/dataview/component/DataItem.js","requires":[102,177],"uses":[],"idx":295},{"path":"../../../ext/modern/modern/src/dataview/component/Container.js","requires":[177,295],"uses":[3],"idx":296},{"path":"../../../ext/modern/modern/src/dataview/element/Container.js","requires":[102],"uses":[3,72],"idx":297},{"path":"../../../ext/modern/modern/src/dataview/DataView.js","requires":[165,177,180,285,296,297],"uses":[99,102,162,186],"idx":298},{"path":"../../../ext/modern/modern/src/tip/ToolTip.js","requires":[287,300],"uses":[6,260],"idx":299},{"path":"../../../ext/modern/theme-neptune/overrides/tip/ToolTip.js","requires":[14,16,17,18,23],"uses":[],"idx":300},{"path":"../../../ext/modern/modern/src/layout/Fit.js","requires":[186],"uses":[],"idx":301},{"path":"../../../ext/modern/modern/src/panel/Header.js","requires":[177],"uses":[3,303,304],"idx":302},{"path":"../../../ext/modern/modern/src/panel/Title.js","requires":[102],"uses":[],"idx":303},{"path":"../../../ext/modern/modern/src/panel/Tool.js","requires":[102],"uses":[],"idx":304},{"path":"../../../ext/modern/modern/src/tip/Manager.js","requires":[14,16,17,18,23,186,299],"uses":[260],"idx":305},{"path":"../../../ext/modern/theme-neptune/overrides/init.js","requires":[],"uses":[],"idx":306},{"path":"../../../ext/modern/theme-triton/overrides/init.js","requires":[],"uses":[],"idx":307},{"path":"../../app/Application.js","requires":[172,256],"uses":[18,23,155,156,157,162,177,186,207,283,289,293,298,301,309,310,311,312,313,314,315,316,317,318,319],"idx":308},{"path":"../../app/page01view.js","requires":[177],"uses":[],"idx":309},{"path":"../../app/page02view.js","requires":[177],"uses":[],"idx":310},{"path":"../../app/page04view.js","requires":[177],"uses":[],"idx":311},{"path":"../../app/page05view.js","requires":[177],"uses":[],"idx":312},{"path":"../../app/page06view.js","requires":[177],"uses":[],"idx":313},{"path":"../../app/page07view.js","requires":[177],"uses":[],"idx":314},{"path":"../../app/page08view.js","requires":[177],"uses":[],"idx":315},{"path":"../../app/page09view..js","requires":[177],"uses":[],"idx":316},{"path":"../../app/view/page03/Page03ViewController.js","requires":[215],"uses":[],"idx":317},{"path":"../../app/view/page03/Page03ViewModel.js","requires":[249],"uses":[],"idx":318},{"path":"../../app/view/page03/Page03View.js","requires":[287,317,318],"uses":[],"idx":319},{"path":"../../app.js","requires":[1,73,93,172,173,213,282,284,300,306,307,308],"uses":[],"idx":320},{"path":"../../../build/temp/production/AppCamp/sencha-compiler/app/full-page-master-bundle.js","requires":[320],"uses":[],"idx":321}],"classes":{"AppCamp.Application":{"idx":308,"alias":[],"alternates":[]},"AppCamp.view.Page01View":{"idx":309,"alias":["widget.page01view"],"alternates":[]},"AppCamp.view.Page02View":{"idx":310,"alias":["widget.page02view"],"alternates":[]},"AppCamp.view.Page04View":{"idx":311,"alias":["widget.page04view"],"alternates":[]},"AppCamp.view.Page05View":{"idx":312,"alias":["widget.page05view"],"alternates":[]},"AppCamp.view.Page06View":{"idx":313,"alias":["widget.page06view"],"alternates":[]},"AppCamp.view.Page07View":{"idx":314,"alias":["widget.page07view"],"alternates":[]},"AppCamp.view.Page08View":{"idx":315,"alias":["widget.page08view"],"alternates":[]},"AppCamp.view.Page09View":{"idx":316,"alias":["widget.page09view"],"alternates":[]},"AppCamp.view.page03.Page03View":{"idx":319,"alias":["widget.page03view"],"alternates":[]},"AppCamp.view.page03.Page03ViewController":{"idx":317,"alias":["controller.page03-page03view"],"alternates":[]},"AppCamp.view.page03.Page03ViewModel":{"idx":318,"alias":["viewmodel.page03-page03view"],"alternates":[]},"Ext.AbstractComponent":{"alias":[],"alternates":[]},"Ext.AbstractManager":{"alias":[],"alternates":[]},"Ext.ActionSheet":{"alias":["widget.actionsheet"],"alternates":[]},"Ext.Ajax":{"idx":41,"alias":[],"alternates":[]},"Ext.Anim":{"alias":[],"alternates":[]},"Ext.AnimationQueue":{"idx":42,"alias":[],"alternates":[]},"Ext.Audio":{"alias":["widget.audio"],"alternates":[]},"Ext.Button":{"idx":289,"alias":["widget.button"],"alternates":[]},"Ext.Component":{"idx":102,"alias":["widget.component"],"alternates":["Ext.lib.Component","Ext.Gadget"]},"Ext.ComponentManager":{"idx":43,"alias":[],"alternates":["Ext.ComponentMgr"]},"Ext.ComponentQuery":{"idx":46,"alias":[],"alternates":[]},"Ext.Container":{"idx":177,"alias":["widget.container"],"alternates":["Ext.lib.Container","Ext.container.Container"]},"Ext.Decorator":{"alias":[],"alternates":[]},"Ext.Deferred":{"idx":34,"alias":[],"alternates":[]},"Ext.Evented":{"idx":47,"alias":[],"alternates":["Ext.EventedBase"]},"Ext.GlobalEvents":{"idx":74,"alias":[],"alternates":["Ext.globalEvents"]},"Ext.Glyph":{"alias":[],"alternates":[]},"Ext.Img":{"alias":["widget.image","widget.img"],"alternates":["Ext.Image"]},"Ext.Label":{"alias":["widget.label"],"alternates":[]},"Ext.LoadMask":{"idx":180,"alias":["widget.loadmask"],"alternates":[]},"Ext.Mask":{"idx":179,"alias":["widget.mask"],"alternates":[]},"Ext.Media":{"alias":["widget.media"],"alternates":[]},"Ext.Menu":{"idx":290,"alias":["widget.menu"],"alternates":[]},"Ext.MessageBox":{"alias":["widget.messagebox"],"alternates":[]},"Ext.Mixin":{"idx":24,"alias":[],"alternates":[]},"Ext.Panel":{"idx":287,"alias":["widget.panel"],"alternates":["Ext.panel.Panel"]},"Ext.Progress":{"alias":["widget.progress","widget.progressbarwidget"],"alternates":["Ext.ProgressBarWidget"]},"Ext.ProgressBase":{"alias":[],"alternates":[]},"Ext.Promise":{"idx":33,"alias":[],"alternates":[]},"Ext.SegmentedButton":{"alias":["widget.segmentedbutton"],"alternates":["Ext.button.Segmented"]},"Ext.Sheet":{"idx":288,"alias":["widget.sheet"],"alternates":[]},"Ext.Sortable":{"alias":[],"alternates":[]},"Ext.Spacer":{"alias":["widget.spacer"],"alternates":[]},"Ext.TaskQueue":{"idx":62,"alias":[],"alternates":[]},"Ext.Template":{"idx":96,"alias":[],"alternates":[]},"Ext.Title":{"alias":["widget.title"],"alternates":[]},"Ext.TitleBar":{"alias":["widget.titlebar"],"alternates":[]},"Ext.Toast":{"alias":[],"alternates":[]},"Ext.Toolbar":{"alias":["widget.toolbar"],"alternates":[]},"Ext.Video":{"alias":["widget.video"],"alternates":[]},"Ext.Widget":{"idx":80,"alias":["widget.widget"],"alternates":["Ext.Gadget"]},"Ext.XTemplate":{"idx":99,"alias":[],"alternates":[]},"Ext.app.Application":{"idx":172,"alias":[],"alternates":[]},"Ext.app.BaseController":{"idx":107,"alias":[],"alternates":[]},"Ext.app.Controller":{"idx":171,"alias":[],"alternates":[]},"Ext.app.EventBus":{"idx":105,"alias":[],"alternates":[]},"Ext.app.EventDomain":{"idx":103,"alias":[],"alternates":[]},"Ext.app.Profile":{"alias":[],"alternates":[]},"Ext.app.Util":{"idx":108,"alias":[],"alternates":[]},"Ext.app.ViewController":{"idx":215,"alias":["controller.controller"],"alternates":[]},"Ext.app.ViewModel":{"idx":249,"alias":["viewmodel.default"],"alternates":[]},"Ext.app.bind.AbstractStub":{"idx":230,"alias":[],"alternates":[]},"Ext.app.bind.BaseBinding":{"idx":228,"alias":[],"alternates":[]},"Ext.app.bind.Binding":{"idx":229,"alias":[],"alternates":[]},"Ext.app.bind.Formula":{"idx":235,"alias":[],"alternates":[]},"Ext.app.bind.LinkStub":{"idx":232,"alias":[],"alternates":[]},"Ext.app.bind.Multi":{"idx":234,"alias":[],"alternates":[]},"Ext.app.bind.Parser":{"idx":245,"alias":[],"alternates":[]},"Ext.app.bind.RootStub":{"idx":233,"alias":[],"alternates":[]},"Ext.app.bind.Stub":{"idx":231,"alias":[],"alternates":[]},"Ext.app.bind.Template":{"idx":246,"alias":[],"alternates":[]},"Ext.app.bind.TemplateBinding":{"idx":247,"alias":[],"alternates":[]},"Ext.app.domain.Component":{"idx":104,"alias":[],"alternates":[]},"Ext.app.domain.Controller":{"idx":250,"alias":[],"alternates":[]},"Ext.app.domain.Direct":{"alias":[],"alternates":[]},"Ext.app.domain.Global":{"idx":106,"alias":[],"alternates":[]},"Ext.app.domain.Store":{"idx":166,"alias":[],"alternates":[]},"Ext.app.domain.View":{"idx":214,"alias":[],"alternates":[]},"Ext.app.route.Queue":{"idx":167,"alias":[],"alternates":[]},"Ext.app.route.Route":{"idx":168,"alias":[],"alternates":[]},"Ext.app.route.Router":{"idx":170,"alias":[],"alternates":[]},"Ext.behavior.Behavior":{"idx":82,"alias":[],"alternates":[]},"Ext.behavior.Draggable":{"alias":[],"alternates":[]},"Ext.behavior.Translatable":{"idx":92,"alias":[],"alternates":[]},"Ext.carousel.Carousel":{"alias":["widget.carousel"],"alternates":["Ext.Carousel"]},"Ext.carousel.Indicator":{"alias":["widget.carouselindicator"],"alternates":[]},"Ext.carousel.Infinite":{"alias":[],"alternates":[]},"Ext.carousel.Item":{"alias":[],"alternates":[]},"Ext.data.AbstractStore":{"idx":127,"alias":[],"alternates":[]},"Ext.data.ArrayStore":{"idx":164,"alias":["store.array"],"alternates":["Ext.data.SimpleStore"]},"Ext.data.Batch":{"idx":218,"alias":[],"alternates":[]},"Ext.data.BufferedStore":{"idx":252,"alias":["store.buffered"],"alternates":[]},"Ext.data.ChainedStore":{"idx":248,"alias":["store.chained"],"alternates":[]},"Ext.data.Connection":{"idx":40,"alias":[],"alternates":[]},"Ext.data.DirectStore":{"alias":["store.direct"],"alternates":[]},"Ext.data.Error":{"idx":128,"alias":[],"alternates":[]},"Ext.data.ErrorCollection":{"idx":129,"alias":[],"alternates":["Ext.data.Errors"]},"Ext.data.JsonP":{"alias":[],"alternates":[]},"Ext.data.JsonPStore":{"alias":["store.jsonp"],"alternates":[]},"Ext.data.JsonStore":{"alias":["store.json"],"alternates":[]},"Ext.data.LocalStore":{"idx":153,"alias":[],"alternates":[]},"Ext.data.Model":{"idx":145,"alias":[],"alternates":["Ext.data.Record"]},"Ext.data.ModelManager":{"alias":[],"alternates":["Ext.ModelMgr"]},"Ext.data.NodeInterface":{"idx":253,"alias":[],"alternates":[]},"Ext.data.NodeStore":{"alias":["store.node"],"alternates":[]},"Ext.data.PageMap":{"idx":251,"alias":[],"alternates":[]},"Ext.data.ProxyStore":{"idx":152,"alias":[],"alternates":[]},"Ext.data.Request":{"idx":255,"alias":[],"alternates":[]},"Ext.data.ResultSet":{"idx":146,"alias":[],"alternates":[]},"Ext.data.Session":{"idx":226,"alias":[],"alternates":[]},"Ext.data.SortTypes":{"idx":135,"alias":[],"alternates":[]},"Ext.data.Store":{"idx":162,"alias":["store.store"],"alternates":[]},"Ext.data.StoreManager":{"idx":165,"alias":[],"alternates":["Ext.StoreMgr","Ext.data.StoreMgr","Ext.StoreManager"]},"Ext.data.TreeModel":{"idx":254,"alias":[],"alternates":[]},"Ext.data.TreeStore":{"idx":256,"alias":["store.tree"],"alternates":[]},"Ext.data.Types":{"alias":[],"alternates":[]},"Ext.data.Validation":{"idx":257,"alias":[],"alternates":[]},"Ext.data.XmlStore":{"alias":["store.xml"],"alternates":[]},"Ext.data.field.Boolean":{"idx":138,"alias":["data.field.bool","data.field.boolean"],"alternates":[]},"Ext.data.field.Date":{"idx":139,"alias":["data.field.date"],"alternates":[]},"Ext.data.field.Field":{"idx":137,"alias":["data.field.auto"],"alternates":["Ext.data.Field"]},"Ext.data.field.Integer":{"idx":140,"alias":["data.field.int","data.field.integer"],"alternates":[]},"Ext.data.field.Number":{"idx":141,"alias":["data.field.float","data.field.number"],"alternates":[]},"Ext.data.field.String":{"idx":142,"alias":["data.field.string"],"alternates":[]},"Ext.data.flash.BinaryXhr":{"idx":37,"alias":[],"alternates":[]},"Ext.data.identifier.Generator":{"idx":143,"alias":["data.identifier.default"],"alternates":[]},"Ext.data.identifier.Negative":{"alias":["data.identifier.negative"],"alternates":[]},"Ext.data.identifier.Sequential":{"idx":144,"alias":["data.identifier.sequential"],"alternates":[]},"Ext.data.identifier.Uuid":{"alias":["data.identifier.uuid"],"alternates":[]},"Ext.data.matrix.Matrix":{"idx":221,"alias":[],"alternates":[]},"Ext.data.matrix.Side":{"idx":220,"alias":[],"alternates":[]},"Ext.data.matrix.Slice":{"idx":219,"alias":[],"alternates":[]},"Ext.data.operation.Create":{"idx":131,"alias":["data.operation.create"],"alternates":[]},"Ext.data.operation.Destroy":{"idx":132,"alias":["data.operation.destroy"],"alternates":[]},"Ext.data.operation.Operation":{"idx":130,"alias":[],"alternates":["Ext.data.Operation"]},"Ext.data.operation.Read":{"idx":133,"alias":["data.operation.read"],"alternates":[]},"Ext.data.operation.Update":{"idx":134,"alias":["data.operation.update"],"alternates":[]},"Ext.data.proxy.Ajax":{"idx":155,"alias":["proxy.ajax"],"alternates":["Ext.data.HttpProxy","Ext.data.AjaxProxy"]},"Ext.data.proxy.Client":{"idx":150,"alias":[],"alternates":["Ext.data.ClientProxy"]},"Ext.data.proxy.Direct":{"alias":["proxy.direct"],"alternates":["Ext.data.DirectProxy"]},"Ext.data.proxy.JsonP":{"alias":["proxy.jsonp","proxy.scripttag"],"alternates":["Ext.data.ScriptTagProxy"]},"Ext.data.proxy.LocalStorage":{"alias":["proxy.localstorage"],"alternates":["Ext.data.LocalStorageProxy"]},"Ext.data.proxy.Memory":{"idx":151,"alias":["proxy.memory"],"alternates":["Ext.data.MemoryProxy"]},"Ext.data.proxy.Proxy":{"idx":149,"alias":["proxy.proxy"],"alternates":["Ext.data.DataProxy","Ext.data.Proxy"]},"Ext.data.proxy.Rest":{"alias":["proxy.rest"],"alternates":["Ext.data.RestProxy"]},"Ext.data.proxy.Server":{"idx":154,"alias":["proxy.server"],"alternates":["Ext.data.ServerProxy"]},"Ext.data.proxy.SessionStorage":{"alias":["proxy.sessionstorage"],"alternates":["Ext.data.SessionStorageProxy"]},"Ext.data.proxy.WebStorage":{"alias":[],"alternates":["Ext.data.WebStorageProxy"]},"Ext.data.reader.Array":{"idx":163,"alias":["reader.array"],"alternates":["Ext.data.ArrayReader"]},"Ext.data.reader.Json":{"idx":156,"alias":["reader.json"],"alternates":["Ext.data.JsonReader"]},"Ext.data.reader.Reader":{"idx":147,"alias":["reader.base"],"alternates":["Ext.data.Reader","Ext.data.DataReader"]},"Ext.data.reader.Xml":{"alias":["reader.xml"],"alternates":["Ext.data.XmlReader"]},"Ext.data.request.Ajax":{"idx":38,"alias":["request.ajax"],"alternates":[]},"Ext.data.request.Base":{"idx":36,"alias":[],"alternates":[]},"Ext.data.request.Form":{"idx":39,"alias":["request.form"],"alternates":[]},"Ext.data.schema.Association":{"idx":120,"alias":[],"alternates":[]},"Ext.data.schema.ManyToMany":{"idx":123,"alias":[],"alternates":[]},"Ext.data.schema.ManyToOne":{"idx":122,"alias":[],"alternates":[]},"Ext.data.schema.Namer":{"idx":125,"alias":["namer.default"],"alternates":[]},"Ext.data.schema.OneToOne":{"idx":121,"alias":[],"alternates":[]},"Ext.data.schema.Role":{"idx":119,"alias":[],"alternates":[]},"Ext.data.schema.Schema":{"idx":126,"alias":["schema.default"],"alternates":[]},"Ext.data.session.BatchVisitor":{"idx":224,"alias":[],"alternates":[]},"Ext.data.session.ChangesVisitor":{"idx":222,"alias":[],"alternates":[]},"Ext.data.session.ChildChangesVisitor":{"idx":223,"alias":[],"alternates":[]},"Ext.data.validator.Bound":{"alias":["data.validator.bound"],"alternates":[]},"Ext.data.validator.Email":{"alias":["data.validator.email"],"alternates":[]},"Ext.data.validator.Exclusion":{"alias":["data.validator.exclusion"],"alternates":[]},"Ext.data.validator.Format":{"alias":["data.validator.format"],"alternates":[]},"Ext.data.validator.Inclusion":{"alias":["data.validator.inclusion"],"alternates":[]},"Ext.data.validator.Length":{"alias":["data.validator.length"],"alternates":[]},"Ext.data.validator.List":{"alias":["data.validator.list"],"alternates":[]},"Ext.data.validator.Presence":{"alias":["data.validator.presence"],"alternates":[]},"Ext.data.validator.Range":{"alias":["data.validator.range"],"alternates":[]},"Ext.data.validator.Validator":{"idx":136,"alias":["data.validator.base"],"alternates":[]},"Ext.data.writer.Json":{"idx":157,"alias":["writer.json"],"alternates":["Ext.data.JsonWriter"]},"Ext.data.writer.Writer":{"idx":148,"alias":["writer.base"],"alternates":["Ext.data.DataWriter","Ext.data.Writer"]},"Ext.data.writer.Xml":{"alias":["writer.xml"],"alternates":["Ext.data.XmlWriter"]},"Ext.dataview.DataView":{"idx":298,"alias":["widget.dataview"],"alternates":["Ext.DataView"]},"Ext.dataview.IndexBar":{"alias":["widget.indexbar"],"alternates":["Ext.IndexBar"]},"Ext.dataview.ItemHeader":{"alias":["widget.itemheader"],"alternates":[]},"Ext.dataview.List":{"alias":["widget.list"],"alternates":["Ext.List"]},"Ext.dataview.ListItem":{"alias":["widget.listitem"],"alternates":["Ext.dataview.component.ListItem"]},"Ext.dataview.ListItemBody":{"alias":["widget.listitembody"],"alternates":[]},"Ext.dataview.ListItemDisclosure":{"alias":["widget.listitemdisclosure"],"alternates":[]},"Ext.dataview.NestedList":{"alias":["widget.nestedlist"],"alternates":["Ext.NestedList"]},"Ext.dataview.SimpleListItem":{"alias":["widget.simplelistitem"],"alternates":["Ext.dataview.component.SimpleListItem"]},"Ext.dataview.component.Container":{"idx":296,"alias":[],"alternates":[]},"Ext.dataview.component.DataItem":{"idx":295,"alias":["widget.dataitem"],"alternates":[]},"Ext.dataview.element.Container":{"idx":297,"alias":[],"alternates":[]},"Ext.dataview.element.List":{"alias":[],"alternates":[]},"Ext.dataview.plugin.ItemTip":{"alias":["plugin.dataviewtip"],"alternates":[]},"Ext.direct.Event":{"alias":["direct.event"],"alternates":[]},"Ext.direct.ExceptionEvent":{"alias":["direct.exception"],"alternates":[]},"Ext.direct.JsonProvider":{"alias":["direct.jsonprovider"],"alternates":[]},"Ext.direct.Manager":{"alias":[],"alternates":[]},"Ext.direct.PollingProvider":{"alias":["direct.pollingprovider"],"alternates":[]},"Ext.direct.Provider":{"alias":["direct.provider"],"alternates":[]},"Ext.direct.RemotingEvent":{"alias":["direct.rpc"],"alternates":[]},"Ext.direct.RemotingMethod":{"alias":[],"alternates":[]},"Ext.direct.RemotingProvider":{"alias":["direct.remotingprovider"],"alternates":[]},"Ext.direct.Transaction":{"alias":["direct.transaction"],"alternates":[]},"Ext.dom.CompositeElement":{"idx":262,"alias":[],"alternates":["Ext.CompositeElement"]},"Ext.dom.CompositeElementLite":{"idx":261,"alias":[],"alternates":["Ext.CompositeElementLite"]},"Ext.dom.Element":{"idx":72,"alias":[],"alternates":["Ext.Element"]},"Ext.dom.ElementEvent":{"idx":53,"alias":[],"alternates":[]},"Ext.dom.Fly":{"idx":260,"alias":[],"alternates":["Ext.dom.Element.Fly"]},"Ext.dom.GarbageCollector":{"idx":263,"alias":[],"alternates":[]},"Ext.dom.Helper":{"idx":258,"alias":[],"alternates":["Ext.DomHelper","Ext.core.DomHelper"]},"Ext.dom.Query":{"alias":[],"alternates":["Ext.core.DomQuery","Ext.DomQuery"]},"Ext.dom.Shadow":{"idx":51,"alias":[],"alternates":["Ext.Shadow"]},"Ext.dom.Shim":{"idx":52,"alias":[],"alternates":[]},"Ext.dom.TouchAction":{"idx":264,"alias":[],"alternates":[]},"Ext.dom.Underlay":{"idx":50,"alias":[],"alternates":[]},"Ext.dom.UnderlayPool":{"idx":49,"alias":[],"alternates":[]},"Ext.drag.Constraint":{"alias":["drag.constraint.base"],"alternates":[]},"Ext.drag.Info":{"alias":[],"alternates":[]},"Ext.drag.Item":{"alias":[],"alternates":[]},"Ext.drag.Manager":{"alias":[],"alternates":[]},"Ext.drag.Source":{"alias":[],"alternates":[]},"Ext.drag.Target":{"alias":[],"alternates":[]},"Ext.drag.proxy.None":{"alias":["drag.proxy.none"],"alternates":[]},"Ext.drag.proxy.Original":{"alias":["drag.proxy.original"],"alternates":[]},"Ext.drag.proxy.Placeholder":{"alias":["drag.proxy.placeholder"],"alternates":[]},"Ext.event.Event":{"idx":58,"alias":[],"alternates":["Ext.EventObjectImpl"]},"Ext.event.gesture.DoubleTap":{"idx":267,"alias":[],"alternates":[]},"Ext.event.gesture.Drag":{"idx":268,"alias":[],"alternates":[]},"Ext.event.gesture.EdgeSwipe":{"idx":270,"alias":[],"alternates":[]},"Ext.event.gesture.LongPress":{"idx":271,"alias":[],"alternates":[]},"Ext.event.gesture.MultiTouch":{"idx":272,"alias":[],"alternates":[]},"Ext.event.gesture.Pinch":{"idx":273,"alias":[],"alternates":[]},"Ext.event.gesture.Recognizer":{"idx":265,"alias":[],"alternates":[]},"Ext.event.gesture.Rotate":{"idx":274,"alias":[],"alternates":[]},"Ext.event.gesture.SingleTouch":{"idx":266,"alias":[],"alternates":[]},"Ext.event.gesture.Swipe":{"idx":269,"alias":[],"alternates":[]},"Ext.event.gesture.Tap":{"idx":275,"alias":[],"alternates":[]},"Ext.event.publisher.Dom":{"idx":59,"alias":[],"alternates":[]},"Ext.event.publisher.ElementPaint":{"idx":71,"alias":[],"alternates":[]},"Ext.event.publisher.ElementSize":{"idx":67,"alias":[],"alternates":[]},"Ext.event.publisher.Focus":{"idx":276,"alias":[],"alternates":[]},"Ext.event.publisher.Gesture":{"idx":60,"alias":[],"alternates":[]},"Ext.event.publisher.Publisher":{"idx":54,"alias":[],"alternates":[]},"Ext.field.Checkbox":{"alias":["widget.checkboxfield"],"alternates":["Ext.form.Checkbox"]},"Ext.field.CheckboxInput":{"alias":["widget.checkboxinput"],"alternates":[]},"Ext.field.DatePicker":{"alias":["widget.datepickerfield"],"alternates":["Ext.form.DatePicker"]},"Ext.field.DatePickerNative":{"alias":["widget.datepickernativefield"],"alternates":["Ext.form.DatePickerNative"]},"Ext.field.Email":{"alias":["widget.emailfield"],"alternates":["Ext.form.Email"]},"Ext.field.Field":{"alias":["widget.field"],"alternates":["Ext.form.Field"]},"Ext.field.File":{"alias":["widget.filefield"],"alternates":[]},"Ext.field.FileInput":{"alias":["widget.fileinput"],"alternates":[]},"Ext.field.Hidden":{"alias":["widget.hiddenfield"],"alternates":["Ext.form.Hidden"]},"Ext.field.Input":{"alias":["widget.input"],"alternates":[]},"Ext.field.Number":{"alias":["widget.numberfield"],"alternates":["Ext.form.Number"]},"Ext.field.Password":{"alias":["widget.passwordfield"],"alternates":["Ext.form.Password"]},"Ext.field.PasswordInput":{"alias":["widget.passwordinput"],"alternates":[]},"Ext.field.Picker":{"alias":["widget.pickerfield"],"alternates":[]},"Ext.field.Radio":{"alias":["widget.radiofield"],"alternates":["Ext.form.Radio"]},"Ext.field.RadioInput":{"alias":["widget.radioinput"],"alternates":[]},"Ext.field.Search":{"alias":["widget.searchfield"],"alternates":["Ext.form.Search"]},"Ext.field.Select":{"alias":["widget.selectfield"],"alternates":["Ext.form.Select"]},"Ext.field.SingleSlider":{"alias":["widget.singlesliderfield"],"alternates":[]},"Ext.field.Slider":{"alias":["widget.sliderfield"],"alternates":["Ext.form.Slider"]},"Ext.field.Spinner":{"alias":["widget.spinnerfield"],"alternates":["Ext.form.Spinner"]},"Ext.field.Text":{"alias":["widget.textfield"],"alternates":["Ext.form.Text"]},"Ext.field.TextArea":{"alias":["widget.textareafield"],"alternates":["Ext.form.TextArea"]},"Ext.field.TextAreaInput":{"alias":["widget.textareainput"],"alternates":[]},"Ext.field.TextInput":{"alias":["widget.textinput"],"alternates":[]},"Ext.field.Toggle":{"alias":["widget.togglefield"],"alternates":["Ext.form.Toggle"]},"Ext.field.Url":{"alias":["widget.urlfield"],"alternates":["Ext.form.Url"]},"Ext.field.trigger.Clear":{"alias":["trigger.clear","widget.cleartrigger"],"alternates":[]},"Ext.field.trigger.Date":{"alias":["trigger.date","widget.datetrigger"],"alternates":[]},"Ext.field.trigger.Expand":{"alias":["trigger.expand","widget.expandtrigger"],"alternates":[]},"Ext.field.trigger.Reveal":{"alias":["trigger.reveal","widget.revealtrigger"],"alternates":[]},"Ext.field.trigger.Search":{"alias":["trigger.search","widget.searchtrigger"],"alternates":[]},"Ext.field.trigger.SpinDown":{"alias":["trigger.spindown","widget.spindowntrigger"],"alternates":[]},"Ext.field.trigger.SpinUp":{"alias":["trigger.spinup","widget.spinuptrigger"],"alternates":[]},"Ext.field.trigger.Trigger":{"alias":["trigger.trigger","widget.trigger"],"alternates":[]},"Ext.form.FieldContainer":{"alias":[],"alternates":[]},"Ext.form.FieldSet":{"alias":["widget.fieldset"],"alternates":[]},"Ext.form.Panel":{"alias":["widget.formpanel"],"alternates":["Ext.form.FormPanel"]},"Ext.fx.Animation":{"idx":197,"alias":[],"alternates":[]},"Ext.fx.Runner":{"alias":[],"alternates":[]},"Ext.fx.State":{"idx":188,"alias":[],"alternates":[]},"Ext.fx.animation.Abstract":{"idx":189,"alias":[],"alternates":[]},"Ext.fx.animation.Cube":{"alias":["animation.cube"],"alternates":[]},"Ext.fx.animation.Fade":{"idx":192,"alias":["animation.fade","animation.fadeIn"],"alternates":["Ext.fx.animation.FadeIn"]},"Ext.fx.animation.FadeOut":{"idx":193,"alias":["animation.fadeOut"],"alternates":[]},"Ext.fx.animation.Flip":{"idx":194,"alias":["animation.flip"],"alternates":[]},"Ext.fx.animation.Pop":{"idx":195,"alias":["animation.pop","animation.popIn"],"alternates":["Ext.fx.animation.PopIn"]},"Ext.fx.animation.PopOut":{"idx":196,"alias":["animation.popOut"],"alternates":[]},"Ext.fx.animation.Slide":{"idx":190,"alias":["animation.slide","animation.slideIn"],"alternates":["Ext.fx.animation.SlideIn"]},"Ext.fx.animation.SlideOut":{"idx":191,"alias":["animation.slideOut"],"alternates":[]},"Ext.fx.animation.Wipe":{"alias":[],"alternates":["Ext.fx.animation.WipeIn"]},"Ext.fx.animation.WipeOut":{"alias":[],"alternates":[]},"Ext.fx.easing.Abstract":{"idx":83,"alias":[],"alternates":[]},"Ext.fx.easing.Bounce":{"alias":[],"alternates":[]},"Ext.fx.easing.BoundMomentum":{"alias":[],"alternates":[]},"Ext.fx.easing.EaseIn":{"alias":["easing.ease-in"],"alternates":[]},"Ext.fx.easing.EaseOut":{"alias":["easing.ease-out"],"alternates":[]},"Ext.fx.easing.Easing":{"alias":[],"alternates":[]},"Ext.fx.easing.Linear":{"idx":84,"alias":["easing.linear"],"alternates":[]},"Ext.fx.easing.Momentum":{"alias":[],"alternates":[]},"Ext.fx.layout.Card":{"idx":206,"alias":[],"alternates":[]},"Ext.fx.layout.card.Abstract":{"idx":187,"alias":[],"alternates":[]},"Ext.fx.layout.card.Cover":{"idx":200,"alias":["fx.layout.card.cover"],"alternates":[]},"Ext.fx.layout.card.Cube":{"alias":["fx.layout.card.cube"],"alternates":[]},"Ext.fx.layout.card.Fade":{"idx":202,"alias":["fx.layout.card.fade"],"alternates":[]},"Ext.fx.layout.card.Flip":{"idx":203,"alias":["fx.layout.card.flip"],"alternates":[]},"Ext.fx.layout.card.Pop":{"idx":204,"alias":["fx.layout.card.pop"],"alternates":[]},"Ext.fx.layout.card.Reveal":{"idx":201,"alias":["fx.layout.card.reveal"],"alternates":[]},"Ext.fx.layout.card.Scroll":{"idx":205,"alias":["fx.layout.card.scroll"],"alternates":[]},"Ext.fx.layout.card.ScrollCover":{"alias":["fx.layout.card.scrollcover"],"alternates":[]},"Ext.fx.layout.card.ScrollReveal":{"alias":["fx.layout.card.scrollreveal"],"alternates":[]},"Ext.fx.layout.card.Slide":{"idx":199,"alias":["fx.layout.card.slide"],"alternates":[]},"Ext.fx.layout.card.Style":{"idx":198,"alias":[],"alternates":[]},"Ext.fx.runner.Css":{"idx":277,"alias":[],"alternates":[]},"Ext.fx.runner.CssAnimation":{"alias":[],"alternates":[]},"Ext.fx.runner.CssTransition":{"idx":278,"alias":[],"alternates":["Ext.Animator"]},"Ext.grid.Grid":{"alias":["widget.grid"],"alternates":[]},"Ext.grid.HeaderContainer":{"alias":["widget.headercontainer"],"alternates":[]},"Ext.grid.HeaderGroup":{"alias":["widget.gridheadergroup","widget.headergroup"],"alternates":[]},"Ext.grid.PagingToolbar":{"alias":["widget.pagingtoolbar"],"alternates":[]},"Ext.grid.Row":{"alias":["widget.gridrow"],"alternates":[]},"Ext.grid.RowBody":{"alias":["widget.rowbody"],"alternates":[]},"Ext.grid.RowHeader":{"alias":["widget.rowheader"],"alternates":[]},"Ext.grid.Tree":{"alias":["widget.tree"],"alternates":["Ext.tree.Tree"]},"Ext.grid.cell.Base":{"alias":[],"alternates":[]},"Ext.grid.cell.Boolean":{"alias":["widget.booleancell"],"alternates":[]},"Ext.grid.cell.Cell":{"alias":["widget.gridcell"],"alternates":[]},"Ext.grid.cell.Check":{"alias":["widget.checkcell"],"alternates":[]},"Ext.grid.cell.Date":{"alias":["widget.datecell"],"alternates":[]},"Ext.grid.cell.Expander":{"alias":["widget.expandercell"],"alternates":[]},"Ext.grid.cell.Number":{"alias":["widget.numbercell"],"alternates":[]},"Ext.grid.cell.RowNumberer":{"alias":["widget.rownumberercell"],"alternates":[]},"Ext.grid.cell.Summary":{"alias":["widget.summarycell"],"alternates":[]},"Ext.grid.cell.Text":{"alias":["widget.textcell"],"alternates":[]},"Ext.grid.cell.Tree":{"alias":["widget.treecell"],"alternates":[]},"Ext.grid.cell.Widget":{"alias":["widget.widgetcell"],"alternates":[]},"Ext.grid.column.Boolean":{"alias":["widget.booleancolumn"],"alternates":[]},"Ext.grid.column.Check":{"alias":["widget.checkcolumn"],"alternates":[]},"Ext.grid.column.Column":{"alias":["widget.column","widget.gridcolumn","widget.templatecolumn"],"alternates":["Ext.grid.column.Template"]},"Ext.grid.column.Date":{"alias":["widget.datecolumn"],"alternates":[]},"Ext.grid.column.Number":{"alias":["widget.numbercolumn"],"alternates":[]},"Ext.grid.column.RowNumberer":{"alias":["widget.rownumberer"],"alternates":[]},"Ext.grid.column.Selection":{"alias":["widget.selectioncolumn"],"alternates":[]},"Ext.grid.column.Tree":{"alias":["widget.treecolumn"],"alternates":[]},"Ext.grid.plugin.ColumnResizing":{"alias":["plugin.columnresizing","plugin.gridcolumnresizing"],"alternates":[]},"Ext.grid.plugin.Editable":{"alias":["plugin.grideditable"],"alternates":[]},"Ext.grid.plugin.MultiSelection":{"alias":["plugin.gridmultiselection","plugin.multiselection"],"alternates":[]},"Ext.grid.plugin.PagingToolbar":{"alias":["plugin.gridpagingtoolbar","plugin.pagingtoolbar"],"alternates":[]},"Ext.grid.plugin.RowExpander":{"alias":["plugin.rowexpander"],"alternates":[]},"Ext.grid.plugin.SummaryRow":{"alias":["plugin.gridsummaryrow","plugin.summaryrow"],"alternates":[]},"Ext.grid.plugin.ViewOptions":{"alias":["plugin.gridviewoptions"],"alternates":[]},"Ext.layout.Abstract":{"idx":181,"alias":[],"alternates":[]},"Ext.layout.Box":{"idx":291,"alias":["layout.tablebox"],"alternates":[]},"Ext.layout.Card":{"idx":207,"alias":["layout.card"],"alternates":[]},"Ext.layout.Default":{"idx":186,"alias":["layout.auto","layout.default"],"alternates":[]},"Ext.layout.Fit":{"idx":301,"alias":["layout.fit"],"alternates":[]},"Ext.layout.FlexBox":{"idx":292,"alias":["layout.box"],"alternates":[]},"Ext.layout.Float":{"alias":["layout.float"],"alternates":[]},"Ext.layout.HBox":{"idx":294,"alias":["layout.hbox"],"alternates":[]},"Ext.layout.VBox":{"idx":293,"alias":["layout.vbox"],"alternates":[]},"Ext.layout.wrapper.BoxDock":{"idx":184,"alias":[],"alternates":[]},"Ext.layout.wrapper.Dock":{"alias":[],"alternates":[]},"Ext.layout.wrapper.Inner":{"idx":185,"alias":[],"alternates":[]},"Ext.list.AbstractTreeItem":{"idx":279,"alias":[],"alternates":[]},"Ext.list.RootTreeItem":{"idx":280,"alias":[],"alternates":[]},"Ext.list.Tree":{"idx":283,"alias":["widget.treelist"],"alternates":[]},"Ext.list.TreeItem":{"idx":281,"alias":["widget.treelistitem"],"alternates":[]},"Ext.mixin.Accessible":{"alias":[],"alternates":[]},"Ext.mixin.Bindable":{"idx":77,"alias":[],"alternates":[]},"Ext.mixin.ComponentDelegation":{"idx":78,"alias":[],"alternates":[]},"Ext.mixin.ConfigState":{"alias":[],"alternates":[]},"Ext.mixin.Container":{"idx":176,"alias":[],"alternates":[]},"Ext.mixin.Dirty":{"idx":225,"alias":[],"alternates":[]},"Ext.mixin.Factoryable":{"idx":35,"alias":[],"alternates":[]},"Ext.mixin.Hookable":{"idx":182,"alias":[],"alternates":[]},"Ext.mixin.Identifiable":{"idx":27,"alias":[],"alternates":[]},"Ext.mixin.Inheritable":{"idx":76,"alias":[],"alternates":[]},"Ext.mixin.Keyboard":{"idx":94,"alias":[],"alternates":[]},"Ext.mixin.Mashup":{"alias":[],"alternates":[]},"Ext.mixin.Observable":{"idx":28,"alias":[],"alternates":[]},"Ext.mixin.Pluggable":{"idx":79,"alias":[],"alternates":[]},"Ext.mixin.Progressable":{"alias":[],"alternates":[]},"Ext.mixin.Queryable":{"idx":175,"alias":[],"alternates":[]},"Ext.mixin.Responsive":{"alias":[],"alternates":[]},"Ext.mixin.Selectable":{"idx":285,"alias":[],"alternates":[]},"Ext.mixin.StyleCacher":{"alias":[],"alternates":[]},"Ext.mixin.Templatable":{"idx":61,"alias":[],"alternates":[]},"Ext.mixin.Traversable":{"idx":81,"alias":[],"alternates":[]},"Ext.navigation.Bar":{"alias":[],"alternates":[]},"Ext.navigation.View":{"alias":["widget.navigationview"],"alternates":["Ext.NavigationView"]},"Ext.override.sparkline.Base":{"alias":[],"alternates":[]},"Ext.overrides.Progress":{"alias":[],"alternates":[]},"Ext.overrides.Widget":{"idx":93,"alias":[],"alternates":[]},"Ext.overrides.app.Application":{"idx":213,"alias":[],"alternates":[]},"Ext.overrides.dom.Element":{"idx":73,"alias":[],"alternates":[]},"Ext.overrides.list.Tree":{"idx":284,"alias":[],"alternates":[]},"Ext.overrides.list.TreeItem":{"idx":282,"alias":[],"alternates":[]},"Ext.panel.Header":{"idx":302,"alias":["widget.panelheader"],"alternates":[]},"Ext.panel.Title":{"idx":303,"alias":["widget.paneltitle"],"alternates":[]},"Ext.panel.Tool":{"idx":304,"alias":["widget.paneltool","widget.tool"],"alternates":[]},"Ext.parse.Parser":{"idx":244,"alias":[],"alternates":[]},"Ext.parse.Symbol":{"idx":238,"alias":[],"alternates":[]},"Ext.parse.Tokenizer":{"idx":237,"alias":[],"alternates":[]},"Ext.parse.symbol.Constant":{"idx":239,"alias":[],"alternates":[]},"Ext.parse.symbol.Infix":{"idx":240,"alias":[],"alternates":[]},"Ext.parse.symbol.InfixRight":{"idx":241,"alias":[],"alternates":[]},"Ext.parse.symbol.Paren":{"idx":242,"alias":[],"alternates":[]},"Ext.parse.symbol.Prefix":{"idx":243,"alias":[],"alternates":[]},"Ext.perf.Accumulator":{"alias":[],"alternates":[]},"Ext.perf.Monitor":{"alias":[],"alternates":["Ext.Perf"]},"Ext.picker.Date":{"alias":["widget.datepicker"],"alternates":["Ext.DatePicker"]},"Ext.picker.Picker":{"alias":["widget.picker"],"alternates":["Ext.Picker"]},"Ext.picker.Slot":{"alias":["widget.pickerslot"],"alternates":[]},"Ext.plugin.Abstract":{"alias":[],"alternates":["Ext.AbstractPlugin"]},"Ext.plugin.LazyItems":{"alias":["plugin.lazyitems"],"alternates":[]},"Ext.plugin.ListPaging":{"alias":["plugin.listpaging"],"alternates":[]},"Ext.plugin.MouseEnter":{"alias":["plugin.mouseenter"],"alternates":[]},"Ext.plugin.PullRefresh":{"alias":["plugin.pullrefresh"],"alternates":[]},"Ext.plugin.Responsive":{"alias":["plugin.responsive"],"alternates":[]},"Ext.plugin.SortableList":{"alias":["plugin.sortablelist"],"alternates":[]},"Ext.plugin.field.PlaceHolderLabel":{"alias":["plugin.placeholderlabel"],"alternates":[]},"Ext.promise.Consequence":{"idx":30,"alias":[],"alternates":[]},"Ext.promise.Deferred":{"idx":31,"alias":[],"alternates":[]},"Ext.promise.Promise":{"idx":32,"alias":[],"alternates":[]},"Ext.scroll.Scroller":{"idx":101,"alias":["scroller.scroller"],"alternates":[]},"Ext.slider.Slider":{"alias":["widget.slider"],"alternates":[]},"Ext.slider.Thumb":{"alias":["widget.thumb"],"alternates":[]},"Ext.slider.Toggle":{"alias":["widget.toggleslider"],"alternates":[]},"Ext.sparkline.Bar":{"alias":["widget.sparklinebar"],"alternates":[]},"Ext.sparkline.BarBase":{"alias":[],"alternates":[]},"Ext.sparkline.Base":{"alias":["widget.sparkline"],"alternates":[]},"Ext.sparkline.Box":{"alias":["widget.sparklinebox"],"alternates":[]},"Ext.sparkline.Bullet":{"alias":["widget.sparklinebullet"],"alternates":[]},"Ext.sparkline.CanvasBase":{"alias":[],"alternates":[]},"Ext.sparkline.CanvasCanvas":{"alias":[],"alternates":[]},"Ext.sparkline.Discrete":{"alias":["widget.sparklinediscrete"],"alternates":[]},"Ext.sparkline.Line":{"alias":["widget.sparklineline"],"alternates":[]},"Ext.sparkline.Pie":{"alias":["widget.sparklinepie"],"alternates":[]},"Ext.sparkline.RangeMap":{"alias":[],"alternates":[]},"Ext.sparkline.Shape":{"alias":[],"alternates":[]},"Ext.sparkline.TriState":{"alias":["widget.sparklinetristate"],"alternates":[]},"Ext.sparkline.VmlCanvas":{"alias":[],"alternates":[]},"Ext.tab.Bar":{"alias":["widget.tabbar"],"alternates":["Ext.TabBar"]},"Ext.tab.Panel":{"alias":["widget.tabpanel"],"alternates":["Ext.TabPanel"]},"Ext.tab.Tab":{"alias":["widget.tab"],"alternates":["Ext.Tab"]},"Ext.table.Cell":{"alias":["widget.tablecell"],"alternates":[]},"Ext.table.Row":{"alias":["widget.tablerow"],"alternates":[]},"Ext.table.Table":{"alias":["widget.table"],"alternates":[]},"Ext.theme.neptune.Titlebar":{"alias":[],"alternates":[]},"Ext.theme.neptune.tip.ToolTip":{"idx":300,"alias":[],"alternates":[]},"Ext.tip.Manager":{"idx":305,"alias":[],"alternates":[]},"Ext.tip.ToolTip":{"idx":299,"alias":["widget.tooltip"],"alternates":[]},"Ext.util.AbstractMixedCollection":{"idx":111,"alias":[],"alternates":[]},"Ext.util.Audio":{"alias":[],"alternates":[]},"Ext.util.Bag":{"idx":216,"alias":[],"alternates":[]},"Ext.util.Base64":{"alias":[],"alternates":[]},"Ext.util.BufferedCollection":{"alias":[],"alternates":[]},"Ext.util.CSS":{"idx":100,"alias":[],"alternates":[]},"Ext.util.CSV":{"alias":[],"alternates":[]},"Ext.util.Collection":{"idx":117,"alias":[],"alternates":[]},"Ext.util.CollectionKey":{"idx":115,"alias":[],"alternates":[]},"Ext.util.Color":{"alias":[],"alternates":["Ext.draw.Color"]},"Ext.util.DelimitedValue":{"alias":[],"alternates":[]},"Ext.util.Draggable":{"alias":[],"alternates":[]},"Ext.util.Droppable":{"alias":[],"alternates":[]},"Ext.util.Event":{"idx":26,"alias":[],"alternates":[]},"Ext.util.Filter":{"idx":109,"alias":[],"alternates":[]},"Ext.util.FilterCollection":{"idx":160,"alias":[],"alternates":[]},"Ext.util.Fly":{"idx":236,"alias":[],"alternates":[]},"Ext.util.Format":{"idx":95,"alias":[],"alternates":[]},"Ext.util.Geolocation":{"alias":[],"alternates":["Ext.util.GeoLocation"]},"Ext.util.Group":{"idx":158,"alias":[],"alternates":[]},"Ext.util.GroupCollection":{"idx":161,"alias":[],"alternates":[]},"Ext.util.Grouper":{"idx":116,"alias":[],"alternates":[]},"Ext.util.HashMap":{"idx":29,"alias":[],"alternates":[]},"Ext.util.History":{"idx":169,"alias":[],"alternates":["Ext.History"]},"Ext.util.Inflector":{"idx":124,"alias":[],"alternates":[]},"Ext.util.InputBlocker":{"idx":178,"alias":[],"alternates":[]},"Ext.util.ItemCollection":{"idx":174,"alias":[],"alternates":["Ext.ItemCollection"]},"Ext.util.LineSegment":{"alias":[],"alternates":[]},"Ext.util.LocalStorage":{"alias":[],"alternates":[]},"Ext.util.LruCache":{"idx":45,"alias":[],"alternates":[]},"Ext.util.MixedCollection":{"idx":114,"alias":[],"alternates":[]},"Ext.util.ObjectTemplate":{"idx":118,"alias":[],"alternates":[]},"Ext.util.Observable":{"idx":110,"alias":[],"alternates":[]},"Ext.util.Offset":{"idx":55,"alias":[],"alternates":[]},"Ext.util.PaintMonitor":{"idx":70,"alias":[],"alternates":[]},"Ext.util.Point":{"idx":57,"alias":[],"alternates":[]},"Ext.util.PositionMap":{"alias":[],"alternates":[]},"Ext.util.Positionable":{"idx":48,"alias":[],"alternates":[]},"Ext.util.Region":{"idx":56,"alias":[],"alternates":[]},"Ext.util.Schedulable":{"idx":227,"alias":[],"alternates":[]},"Ext.util.Scheduler":{"idx":217,"alias":[],"alternates":[]},"Ext.util.SizeMonitor":{"idx":66,"alias":[],"alternates":[]},"Ext.util.Sortable":{"idx":113,"alias":[],"alternates":[]},"Ext.util.Sorter":{"idx":112,"alias":[],"alternates":[]},"Ext.util.SorterCollection":{"idx":159,"alias":[],"alternates":[]},"Ext.util.TSV":{"alias":[],"alternates":[]},"Ext.util.TapRepeater":{"alias":[],"alternates":[]},"Ext.util.TaskManager":{"idx":286,"alias":[],"alternates":["Ext.TaskManager"]},"Ext.util.TaskRunner":{"idx":259,"alias":[],"alternates":[]},"Ext.util.TextMetrics":{"alias":[],"alternates":[]},"Ext.util.Translatable":{"idx":91,"alias":[],"alternates":[]},"Ext.util.TranslatableGroup":{"alias":[],"alternates":[]},"Ext.util.TranslatableList":{"alias":[],"alternates":[]},"Ext.util.Wrapper":{"idx":183,"alias":[],"alternates":[]},"Ext.util.XTemplateCompiler":{"idx":98,"alias":[],"alternates":[]},"Ext.util.XTemplateParser":{"idx":97,"alias":[],"alternates":[]},"Ext.util.paintmonitor.Abstract":{"idx":68,"alias":[],"alternates":[]},"Ext.util.paintmonitor.CssAnimation":{"idx":69,"alias":[],"alternates":[]},"Ext.util.paintmonitor.OverflowChange":{"alias":[],"alternates":[]},"Ext.util.sizemonitor.Abstract":{"idx":63,"alias":[],"alternates":[]},"Ext.util.sizemonitor.OverflowChange":{"idx":65,"alias":[],"alternates":[]},"Ext.util.sizemonitor.Scroll":{"idx":64,"alias":[],"alternates":[]},"Ext.util.translatable.Abstract":{"idx":85,"alias":[],"alternates":[]},"Ext.util.translatable.CssPosition":{"idx":90,"alias":[],"alternates":[]},"Ext.util.translatable.CssTransform":{"idx":87,"alias":[],"alternates":[]},"Ext.util.translatable.Dom":{"idx":86,"alias":[],"alternates":[]},"Ext.util.translatable.ScrollParent":{"idx":89,"alias":[],"alternates":[]},"Ext.util.translatable.ScrollPosition":{"idx":88,"alias":[],"alternates":[]},"Ext.viewport.Android":{"idx":210,"alias":[],"alternates":[]},"Ext.viewport.Default":{"idx":208,"alias":["widget.viewport"],"alternates":[]},"Ext.viewport.Ios":{"idx":209,"alias":[],"alternates":[]},"Ext.viewport.Viewport":{"idx":212,"alias":[],"alternates":[]},"Ext.viewport.WindowsPhone":{"idx":211,"alias":[],"alternates":["Ext.viewport.WP"]}},"packages":{"cmd":{"current":"6.2.0.103","version":"6.2.0.103"},"core":{"alternateName":["sencha-core"],"creator":"Sencha","requires":["ext","core","modern"],"type":"code","version":"6.2.0.981"},"ext":{"build":{"dir":"${package.output.base}"},"creator":"Sencha","license":"commercial","namespace":"Ext","requires":[],"resource":{"paths":["resources"]},"type":"framework","version":"6.2.0.981"},"font-awesome":{"creator":"Sencha","namespace":"Ext","requires":["ext","core","modern","theme-base","font-awesome","font-ext","theme-neptune"],"resource":{"paths":""},"theme":"theme-neptune","toolkit":"classic","type":"code","version":"6.2.0.981"},"font-ext":{"creator":"Sencha","namespace":"Ext","requires":["ext","core","modern","theme-base","font-awesome","font-ext","theme-neptune"],"theme":"theme-neptune","toolkit":"classic","type":"code","version":"6.2.0.981"},"modern":{"build":{"dir":"${package.output}"},"creator":"Sencha","namespace":"Ext","requires":["ext","core","modern"],"type":"toolkit","version":"6.2.0.981"},"theme-base":{"creator":"Sencha","namespace":"Ext","requires":["ext","core","modern"],"toolkit":"modern","type":"theme","version":"6.2.0.981"},"theme-neptune":{"creator":"Sencha","extend":"theme-base","namespace":"Ext","requires":["ext","core","modern","font-awesome","font-ext","theme-base"],"toolkit":"modern","type":"theme","version":"6.2.0.981"},"theme-triton":{"creator":"Sencha","extend":"theme-neptune","namespace":"Ext","requires":["ext","core","modern","theme-base","font-awesome","font-ext","theme-neptune"],"resource":{"paths":""},"toolkit":"modern","type":"theme","version":"6.2.0.981"}},"js":[{"bootstrap":true,"remote":true,"platform":["fashion"],"isSdk":false,"path":"/~cmd/extensions/sencha-fashion/fashion/fashion.js"},{"bootstrap":true,"remote":true,"platform":["fashion"],"isSdk":false,"path":"/~cmd/extensions/sencha-fashion/sass-compiler.js"},{"path":"../../app.js"}],"css":[{"exclude":["fashion"],"path":"../../../build/production/AppCamp/resources/AppCamp-all.css"}],"cache":{"enable":true,"deltas":true},"fashion":{"inliner":{"enable":false}},"name":"AppCamp","version":"1.0.0.0","framework":"ext","toolkit":"modern","theme":"theme-triton","loader":{"cache":"20160916142929","cacheParam":"_dc"},"id":"0796f0a3-61c9-4d70-9a17-bd21d6d4241c"}